#Files,Classes
airport_pareto_curves_CLASSIFIER_FORECAST_FISCAL_YEAR.csv,gov.faa.ang.swac.common.entities.AirportParetoCurve
airport_pareto_curves_CLASSIFIER_FORECAST_FISCAL_YEAR.csv,gov.faa.ang.swac.common.entities.AirportParetoCurveAlt
sector_capacities_CLASSIFIER_BASE_DATE_FORECAST_FISCAL_YEAR.csv,gov.faa.ang.swac.changegenerator.SectorTimeCapacityDB
airport_weather_BASE_DATE.csv,gov.faa.ang.swac.changegenerator.datatypes.WeatherEvent
airport_weather_forecast_BASE_DATE.csv,gov.faa.ang.swac.changegenerator.datatypes.ForecastWeatherEvent
baseline_schedule_BASE_DATE.txt,gov.faa.ang.swac.common.flightmodeling.ScheduleRecord
itineraryView.sql,gov.faa.ang.swac.equipevolution.sqlscripts.ItineraryViewScript
pgb.f00Y2K_2DAY(00|06|12|18),gov.faa.ang.swac.common.flightmodeling.atmosphere.RawWindData
airport_script_CLASSIFIER_FORECAST_FISCAL_YEAR.js,gov.faa.ang.swac.changegenerator.javascript.AirportMetConditionScript
qroutes_city_pairs_FORECAST_FISCAL_YEAR.csv,gov.faa.ang.swac.qroutes.trajectorymodifier.QRoutesCityPairs$QRoutesCityPairsRecord
WeatherPredictionSchedule_BASE_DATE.csv,gov.faa.ang.swac.common.utilities.WxControlFileRecord
TerminalAreaCongestionParams_BASE_DATE_FORECAST_FISCAL_YEAR.csv,gov.faa.ang.swac.congestion.terminalarea.TerminalAreaCongestionAirportRecord
SuaSchedule_BASE_DATE.csv,gov.faa.ang.swac.weather.SuaControlFileRecord
taf_airport_correlation.csv,gov.faa.ang.swac.common.entities.TafAirportCorrelation
Airports_310.csv,gov.faa.ang.swac.common.entities.Airport
airport_default_capacity_310_2013_base.csv,gov.faa.ang.swac.simengine.AirportDefaultCapacityRecord
airport_capacity_settings_310.csv,gov.faa.ang.swac.simengine.AirportCapacitySettingsRecord
aces_etms_sector_20130307.csv,gov.faa.ang.swac.common.flightmodeling.jni.Sector
aces_etms_sector_20130307.dat,gov.faa.ang.swac.common.flightmodeling.Subsector
aces_etms_sector_20130307.aml,gov.faa.ang.swac.crossingsfinder.geometry.AirspaceMap
NextGen2012_PBN_EquipageRates.csv,gov.faa.ang.swac.qroutes.trajectorymodifier.EquipageRatesRecord
gdp_airports.csv,gov.faa.ang.swac.common.entities.GDPAirportConfigRecord
gdp_departure_center_exemptions_defON_tierOFF.csv,gov.faa.ang.swac.common.entities.AirportDepartureCenterExceptionRecord
oceanicRegions.xml,gov.faa.ang.swac.trajectorymodeler.stepclimbs.OceanicRegionDB
restrictions.csv,gov.faa.ang.swac.common.flightmodeling.Restriction
bada311Data.xml,gov.faa.ang.swac.common.flightmodeling.fileio.BadaRecord
combined_etms_bada_map_ff13_bada3.11.csv,gov.faa.ang.swac.fleetevolution.fileio.EtmsBadaAircraftMapRecord
final-etms-bada-map-3.11.csv,gov.faa.ang.swac.common.entities.ScheduleEtmsBadaAircraftMap
fleet_forecast_apo_2013_mitre_tp_2012_US.csv,gov.faa.ang.swac.fleetevolution.fileio.FleetForecastDataDomestic
fleet_forecast_apo_2012_mitre_tp_ratio_intl.csv,gov.faa.ang.swac.fleetevolution.fileio.FleetForecastDataIntl
fleet_forecast_carrier_FAA_2013.csv,gov.faa.ang.swac.fleetevolution.fileio.FleetForecastDataCarrier
AirportFixes.csv,gov.faa.ang.swac.common.entities.AirportFix
TBFM.csv,gov.faa.ang.swac.common.entities.TBFMResources
Fixes.csv,gov.faa.ang.swac.common.entities.Fix
sidStarDatabaseOutput_BASE_DATE.xml,gov.faa.ang.swac.tam.parser.TamXmlDbParser
weather_data_BASE_DATE.dat,gov.faa.ang.swac.weather.GriddedWeatherDataLoader
stepClimbRetryTimeScript_FORECAST_FISCAL_YEAR.js,gov.faa.ang.swac.simengine.data.jni.StepClimbRetryTimeScript
oceanicSeparationScript_FORECAST_FISCAL_YEAR.js,gov.faa.ang.swac.simengine.data.jni.OceanicSeparationScript
uas_forecast_CLASSIFIER.csv,gov.faa.ang.swac.uas.scheduler.forecast.airport_data.ForecastAirportCountsRecord